track_id,title_x,album_id,release_date_x,popularity,duration_ms,title_y,artist_id,release_date_y,name,genres
2fuYa3Lx06QQJAm0MjztKr,Let Down,6dVIqQ8qmQ5GBnJ9shOYGE,1997-05-28,84,299560,OK Computer,4Z8W4fKeB5YxbusRsdQVPb,1997-05-28,Radiohead,"art rock, alternative rock"
7gDVjl5fEw2OPAtjbW4LzR,Weak And Powerless,49K6hYDEr5M3GxIBBxlPf9,2003-01-01,64,195133,Thirteenth Step,4DFhHyjvGYa9wxdHUjtDkc,2003-01-01,A Perfect Circle,alternative metal
5sFDReWLrZHLFZFjHsjUTS,Would? (2022 Remaster),58NXIEYqmq5dQHg9nV9duM,1992-09-29,80,206773,Dirt (2022 Remaster),64tNsm6TnZe2zpcMVMOoHL,1992-09-29,Alice In Chains,"grunge, post-grunge"
6vlbuXCnHFLV5H5vMoMmqR,The Saddest Song,6NuVZbtcscN4RpgZd5UzQy,1992-09-08,44,173133,Good,3QgSmABpItIdj908ek80n5,1992-09-08,Morphine,
4SrRrB27n7fiRkQcPoKfpk,Motion Picture Soundtrack,6GjwtEZcfenmOf6l18N7T7,2000-10-02,71,200482,Kid A,4Z8W4fKeB5YxbusRsdQVPb,2000-10-02,Radiohead,"art rock, alternative rock"
2jSJm3Gv6GLxduWLenmjKS,Digital Bath,5LEXck3kfixFaA3CqVE7bC,2000-05-16,74,255373,White Pony,6Ghvu1VvMGScGpOUJBAHNH,2000-05-16,Deftones,"nu metal, alternative metal, rap metal, shoegaze"
1YrnDTqvcnUKxAIeXyaEmU,How Soon Is Now? - 2011 Remaster,1j57Q5ntVi7crpibb0h4sv,1984,76,408173,Hatful of Hollow,3yY2gUcIsjMr8hjo51PoJ8,1984,The Smiths,"new wave, madchester, jangle pop"
0Ui05Ov0s4PnRc4JI3Pilg,My Favourite Game,5DiOwioOBqVCSH6IwGBXEc,1998-01-01,74,220467,Gran Turismo (Remastered),1tqZaCwM57UFKjWoYwMLrw,1998-01-01,The Cardigans,
6LgJvl0Xdtc73RJ1mmpotq,Paranoid Android,6dVIqQ8qmQ5GBnJ9shOYGE,1997-05-28,74,387213,OK Computer,4Z8W4fKeB5YxbusRsdQVPb,1997-05-28,Radiohead,"art rock, alternative rock"
6j0Q06QmlWdd8xlS8NrOhl,Head Like A Hole,6IwZ3rIE9F6j1R1LyBrVXu,1989-10-20,47,300160,Pretty Hate Machine (Remastered),0X380XXQSNBYuleKzav5UO,1989-10-20,Nine Inch Nails,"industrial rock, industrial, industrial metal, electronic rock, alternative metal, nu metal"
4FEr6dIdH6EqLKR0jB560J,Rosemary,4PIVdqvL1Rc7T7Vfsr8n8Q,2012-11-09,77,413346,Koi No Yokan,6Ghvu1VvMGScGpOUJBAHNH,2012-11-09,Deftones,"nu metal, alternative metal, rap metal, shoegaze"
3634aKisKlGdUfD9V3MOY5,Christian Woman,22PP61GmfGKAhIQo2ZSRxG,1994-05-10,62,538106,Bloody Kisses (Top Shelf Edition),0blJzvevdXrp21YeI2vbco,1994-05-10,Type O Negative,"gothic metal, doom metal"
27msmgcdSRniJHfocEf6EH,Pet,49K6hYDEr5M3GxIBBxlPf9,2003-01-01,65,274333,Thirteenth Step,4DFhHyjvGYa9wxdHUjtDkc,2003-01-01,A Perfect Circle,alternative metal
5WzfCu5fhgm7jv896EN1Md,She,3CxknRPQLbOJRwQrNekNyU,2011-05-09,79,253386,Goblin,4V8LLVI7PbaPR0K2TGSxFF,2011-05-09,"Tyler, The Creator",
4QhWbupniDd44EDtnh2bFJ,Pyramids,392p3shh2jkxUxY2VHvlH8,2012-07-10,82,592920,channel ORANGE,2h93pZq0e7k5yf4dywlkpM,2012-07-10,Frank Ocean,
4HpIh5wWfkq5sSuCLLSwYR,Please Please Please Let Me Get What I Want - 2005 Remaster,7rLUzHOq0d0mRGGEIqKfli,2011-04-16,69,124173,Covers,6Ghvu1VvMGScGpOUJBAHNH,2011-04-16,Deftones,"nu metal, alternative metal, rap metal, shoegaze"
0t4z0WaQomQqPONghWn8c2,Me and Michael,7GjVWG39IOj4viyWplJV4H,2018-02-09,61,289853,Little Dark Age,0SwO7SWeDHJijQ3XNS7xEE,2018-02-09,MGMT,indie
6x2f8jgLWU8IrBSuNdvoWj,Maybe Someday,5HJmojoRWpw0GYiRjdLT6B,2000-02-15,47,306186,Bloodflowers,7bu3H8JO7d0UbMoVzbo70s,2000-02-15,The Cure,"new wave, post-punk, darkwave"
37pKTyMwalomKCZjxTc2QZ,Cherry-coloured Funk,5lEphbceIgaK1XxWeSrC9E,1990-09-17,71,192466,Heaven or Las Vegas,5Wabl1lPdNOeIn0SQ5A1mp,1990-09-17,Cocteau Twins,"shoegaze, dream pop, post-punk"
1bFPKxP56XWDXJOwo3Kvfp,Needle In The Hay,0w0jXq1fLPMPCNsVmmxNnc,1995-07-10,51,257586,Elliott Smith,2ApaG60P4r0yhBoDCGD8YG,1995-07-10,Elliott Smith,singer-songwriter
2L35Ae2dWD0Clz5qZsTxPE,Defenestration Song,3fGQCe3TEdboL5RSVFuvRI,2014-02-04,39,362070,The Unnatural World,0FRKTwQSToXpCxYMhyUzYY,2014-02-04,Have A Nice Life,"shoegaze, slowcore"
21Phj46KeUHOWyZW9A9b7P,Alberto Balsalm,0VG7XLJ8gSynEQDVnpHNNU,1995-04-24,0,310746,...I Care Because You Do,6kBDZFXuLrZgHnvmPu9NsG,1995-04-24,Aphex Twin,"idm, ambient, electronica"
1L0EA6BegmM4KMwTHmSHux,Empathy,37TeO5usN4vsGSfpg4dPNA,2011-01-01,0,249520,(II),7K3zpFXBvPcvzhj7zlGJdO,2011-01-01,Crystal Castles,"witch house, electroclash, new rave, alternative dance"
3tRv4ZYZimrL27flnjgeR6,Every You Every Me,2cDDG5rnwEgjNL8Q0cO9Zd,1998-10-12,4,213800,Without You I'm Nothing,6RZUqkomCmb8zCRqc9eznB,1998-10-12,Placebo,britpop
3ZE3wv8V3w2T2f7nOCjV0N,Life on Mars? - 2015 Remaster,6fQElzBNTiEMGdIeY0hy5l,1971-12-17,71,235986,Hunky Dory (2015 Remaster),0oSGxfWSnnOXhD2fKuz2Gy,1971-12-17,David Bowie,"glam rock, art rock"
73CKjW3vsUXRpy3NnX4H7F,Fake Plastic Trees,35UJLpClj5EDrhpNIi4DFg,1995-03-13,82,290706,The Bends,4Z8W4fKeB5YxbusRsdQVPb,1995-03-13,Radiohead,"art rock, alternative rock"
5TxRUOsGeWeRl3xOML59Ai,ARE WE STILL FRIENDS?,5zi7WsKlIiUXv09tbGLKsE,2019-05-17,86,265480,IGOR,4V8LLVI7PbaPR0K2TGSxFF,2019-05-17,"Tyler, The Creator",
5Y6nVaayzitvsD5F7nr3DV,West Coast,1ORxRsK3MrSLvh7VQTF01F,2014-01-01,85,256760,Ultraviolence (Deluxe),00FQb4jTyendYWaN8pK0wa,2014-01-01,Lana Del Rey,
3sNVsP50132BTNlImLx70i,Bound 2,7D2NdGvBHIavgLhmcwhluK,2013-06-18,84,229146,Yeezus,5K4W6rqBFWDnAN6FQUkS6x,2013-06-18,Kanye West,rap
7vPHiwgCOAjSBRjAirbMvS,"Sea, Swallow Me",5v2I3i4RPD8T1XV0pjvPNo,1986-11-10,67,189040,The Moon and the Melodies,5Wabl1lPdNOeIn0SQ5A1mp,1986-11-10,Cocteau Twins,"shoegaze, dream pop, post-punk"
177MZraDAxjRqqtZBz5Vhn,Citizen Erased,1Dh27pjT3IEdiRG9Se5uQn,2001,50,441093,Origin of Symmetry,12Chz98pHFMPJEknJQMWvI,2001,Muse,"alternative rock, rock"
5CeL9C3bsoe4yzYS1Qz8cw,Girls & Boys,1bgkxe4t0HNeLn9rhrx79x,2000-10-23,73,259385,Blur: The Best Of,7MhMgCo0Bl0Kukl93PZbYS,2000-10-23,Blur,"britpop, madchester, alternative rock"
5mc6EyF1OIEOhAkD0Gg9Lc,Closer,5I7lLu8xXJfGRdFUqHaLQU,1994-03-08,76,373306,The Downward Spiral (Deluxe Edition),0X380XXQSNBYuleKzav5UO,1994-03-08,Nine Inch Nails,"industrial rock, industrial, industrial metal, electronic rock, alternative metal, nu metal"
7vuYfz0siJY66fLEiDKnEh,QKThr,1maoQPAmw44bbkNOxKlwsx,2001-10-22,0,87466,Drukqs,6kBDZFXuLrZgHnvmPu9NsG,2001-10-22,Aphex Twin,"idm, ambient, electronica"
1i84eCrJbu0EIP5aWToMMa,グライド,4IVnHzCk8zgJ1ivesDoTc3,2008-11-26,55,220240,呼吸,2eIwiMzHBYVTZ2iTYiuacE,2008-11-26,Lily Chou-Chou,"shibuya-kei, japanese indie, shoegaze"
42Zrd3sdrNrzdfWWzLQPv9,Sarah,2oySU2ZiKIgyER4jX7HVYl,2012-11-05,0,176146,Trick,6lcwlkAjBPSKnFBZjjZFJs,2012-11-05,Alex G,
0IVkP59yJ9GFF6B7IrvrxA,Paper Bag,3o5EnVZNJXtfPV8tCoagjI,1999-11-09,69,219266,When The Pawn...,3g2kUQ6tHLLbmkV7T4GPtL,1999-11-09,Fiona Apple,"art pop, chamber pop"
2QzKAF0y1BQhxwg8N05Uog,Watching Him Fade Away,4NNq2vwTapv4fSJcrZbPH7,2017-05-05,76,143080,This Old Dog,3Sz7ZnJQBIHsXLUSo0OQtM,2017-05-05,Mac DeMarco,indie
